{"_runtime":115.476624938,"_step":5811,"_wandb":{"runtime":115},"charts/episodic_return":29626.784856095706,"charts/episodic_length":1500,"_timestamp":1.7411796441320214e+09}