{"charts/episodic_length":456,"_timestamp":1.7411795168538818e+09,"_runtime":158.644830523,"_step":10067,"charts/episodic_return":14299.078270523949,"_wandb":{"runtime":158}}