{"_timestamp":1.741179706252796e+09,"_runtime":51.324215481,"_step":1500,"_wandb":{"runtime":51},"charts/episodic_return":70143.85211005193,"charts/episodic_length":1500}