{"_wandb":{"runtime":95},"charts/episodic_return":-967,"charts/episodic_length":290,"_timestamp":1.741179841736747e+09,"_runtime":95.818932672,"_step":6095}